Number of Levels,CPU Avg Time (s),CPU Std Time (s),CPU Peak Memory (GB),GPU Avg Time (s),GPU Std Time (s),GPU Peak Memory (GB)
10,0.00027780532836914064,0.000102531548890719,0.4372406005859375,0.00861220359802246,0.018445802621529065,7.152557373046875e-06
50,0.05085635185241699,0.00955600868606056,0.4480171203613281,0.0034424304962158204,0.00653384141513602,0.00808572769165039
100,0.058924293518066405,0.013144682949131337,0.44829559326171875,0.001013326644897461,2.5411103581566875e-05,0.008534431457519531
