Number of Levels,CPU Avg Time (s),CPU Std Time (s),CPU Peak Memory (GB),GPU Avg Time (s),GPU Std Time (s),GPU Peak Memory (GB)
10,0.00026311874389648435,0.00011431513271174042,0.4182472229003906,0.010894393920898438,0.02354199961355482,7.152557373046875e-06
50,0.06099028587341308,0.013425093508259855,0.4210205078125,0.003628063201904297,0.006939466052384481,0.00808572769165039
100,0.059183263778686525,0.014500293906823222,0.4234352111816406,0.001025390625,3.832737168909712e-05,0.008534431457519531
500,1.249934196472168,0.20298683039267054,0.48345947265625,0.01371626853942871,0.017701428730324462,0.0235748291015625
