Layer Size,Average Speedup
10,0.5792349726775956
50,1.510948905109489
100,1.954198473282443
500,4.517006802721089
1000,5.4567901234567895
5000,10.483992467043315
10000,13.167295597484276
50000,13.874766355140189
1000000,22.452785739526483
